{
  "train_loss": [
    0.6307602900755985,
    0.20844232796769424,
    0.13080238812596953,
    0.08976282899034418,
    0.09501301381729284,
    0.0711797985122817,
    0.07151246550076112,
    0.05098714722921508,
    0.06445645734176417,
    0.04033078811030704,
    0.05349455259330108,
    0.03273457439545887,
    0.03464104941581168,
    0.04499276724311746,
    0.02565657309783435
  ],
  "train_acc": [
    0.8375301828216627,
    0.936184891341842,
    0.9622283546050362,
    0.9703345981372887,
    0.9708520179372198,
    0.9793032080027596,
    0.9760262159365298,
    0.983270093135564,
    0.9805105208692653,
    0.9886167644015178,
    0.9805105208692653,
    0.9893066574680924,
    0.9879268713349431,
    0.983787512935495,
    0.9917212832011039
  ],
  "val_loss": [
    0.2824264454524874,
    0.11445934006917304,
    0.09100313496216532,
    0.11264511881412671,
    0.08099110059113199,
    0.09196164131977395,
    0.0713417191600544,
    0.047246551384846416,
    0.06797065372498565,
    0.04209686539331961,
    0.05512192802733911,
    0.07649993785093095,
    0.06999349440001822,
    0.08210446983648932,
    0.06831569540435853
  ],
  "val_acc": [
    0.9299516908212561,
    0.9734299516908212,
    0.9742351046698873,
    0.9694041867954911,
    0.9855072463768116,
    0.9726247987117552,
    0.9782608695652174,
    0.9887278582930756,
    0.9774557165861514,
    0.9895330112721417,
    0.9855072463768116,
    0.9806763285024155,
    0.9838969404186796,
    0.9847020933977456,
    0.9806763285024155
  ]
}